r_detect_km,d_forward_km,p_meet
1.000000000000000000e+00,0.000000000000000000e+00,0.000000000000000000e+00
1.000000000000000000e+00,1.000000000000000000e+00,0.000000000000000000e+00
1.000000000000000000e+00,2.000000000000000000e+00,0.000000000000000000e+00
1.000000000000000000e+00,3.000000000000000000e+00,0.000000000000000000e+00
1.000000000000000000e+00,4.000000000000000000e+00,0.000000000000000000e+00
1.000000000000000000e+00,5.000000000000000000e+00,0.000000000000000000e+00
1.000000000000000000e+00,6.000000000000000000e+00,0.000000000000000000e+00
1.000000000000000000e+00,7.000000000000000000e+00,0.000000000000000000e+00
1.000000000000000000e+00,8.000000000000000000e+00,3.000000000000000062e-03
1.000000000000000000e+00,9.000000000000000000e+00,8.189999999999999503e-01
1.000000000000000000e+00,1.000000000000000000e+01,8.669999999999999929e-01
1.500000000000000000e+00,0.000000000000000000e+00,0.000000000000000000e+00
1.500000000000000000e+00,1.000000000000000000e+00,0.000000000000000000e+00
1.500000000000000000e+00,2.000000000000000000e+00,0.000000000000000000e+00
1.500000000000000000e+00,3.000000000000000000e+00,0.000000000000000000e+00
1.500000000000000000e+00,4.000000000000000000e+00,0.000000000000000000e+00
1.500000000000000000e+00,5.000000000000000000e+00,0.000000000000000000e+00
1.500000000000000000e+00,6.000000000000000000e+00,0.000000000000000000e+00
1.500000000000000000e+00,7.000000000000000000e+00,0.000000000000000000e+00
1.500000000000000000e+00,8.000000000000000000e+00,6.640000000000000346e-01
1.500000000000000000e+00,9.000000000000000000e+00,8.439999999999999725e-01
1.500000000000000000e+00,1.000000000000000000e+01,8.609999999999999876e-01
2.000000000000000000e+00,0.000000000000000000e+00,0.000000000000000000e+00
2.000000000000000000e+00,1.000000000000000000e+00,0.000000000000000000e+00
2.000000000000000000e+00,2.000000000000000000e+00,0.000000000000000000e+00
2.000000000000000000e+00,3.000000000000000000e+00,0.000000000000000000e+00
2.000000000000000000e+00,4.000000000000000000e+00,0.000000000000000000e+00
2.000000000000000000e+00,5.000000000000000000e+00,0.000000000000000000e+00
2.000000000000000000e+00,6.000000000000000000e+00,0.000000000000000000e+00
2.000000000000000000e+00,7.000000000000000000e+00,1.990000000000000102e-01
2.000000000000000000e+00,8.000000000000000000e+00,8.479999999999999760e-01
2.000000000000000000e+00,9.000000000000000000e+00,8.309999999999999609e-01
2.000000000000000000e+00,1.000000000000000000e+01,8.589999999999999858e-01
2.500000000000000000e+00,0.000000000000000000e+00,0.000000000000000000e+00
2.500000000000000000e+00,1.000000000000000000e+00,0.000000000000000000e+00
2.500000000000000000e+00,2.000000000000000000e+00,0.000000000000000000e+00
2.500000000000000000e+00,3.000000000000000000e+00,0.000000000000000000e+00
2.500000000000000000e+00,4.000000000000000000e+00,0.000000000000000000e+00
2.500000000000000000e+00,5.000000000000000000e+00,0.000000000000000000e+00
2.500000000000000000e+00,6.000000000000000000e+00,2.299999999999999961e-02
2.500000000000000000e+00,7.000000000000000000e+00,8.030000000000000471e-01
2.500000000000000000e+00,8.000000000000000000e+00,8.539999999999999813e-01
2.500000000000000000e+00,9.000000000000000000e+00,8.579999999999999849e-01
2.500000000000000000e+00,1.000000000000000000e+01,8.629999999999999893e-01
3.000000000000000000e+00,0.000000000000000000e+00,0.000000000000000000e+00
3.000000000000000000e+00,1.000000000000000000e+00,0.000000000000000000e+00
3.000000000000000000e+00,2.000000000000000000e+00,0.000000000000000000e+00
3.000000000000000000e+00,3.000000000000000000e+00,0.000000000000000000e+00
3.000000000000000000e+00,4.000000000000000000e+00,0.000000000000000000e+00
3.000000000000000000e+00,5.000000000000000000e+00,3.000000000000000062e-03
3.000000000000000000e+00,6.000000000000000000e+00,5.919999999999999707e-01
3.000000000000000000e+00,7.000000000000000000e+00,8.709999999999999964e-01
3.000000000000000000e+00,8.000000000000000000e+00,8.439999999999999725e-01
3.000000000000000000e+00,9.000000000000000000e+00,8.689999999999999947e-01
3.000000000000000000e+00,1.000000000000000000e+01,8.409999999999999698e-01
3.500000000000000000e+00,0.000000000000000000e+00,0.000000000000000000e+00
3.500000000000000000e+00,1.000000000000000000e+00,0.000000000000000000e+00
3.500000000000000000e+00,2.000000000000000000e+00,0.000000000000000000e+00
3.500000000000000000e+00,3.000000000000000000e+00,0.000000000000000000e+00
3.500000000000000000e+00,4.000000000000000000e+00,0.000000000000000000e+00
3.500000000000000000e+00,5.000000000000000000e+00,2.020000000000000129e-01
3.500000000000000000e+00,6.000000000000000000e+00,8.259999999999999565e-01
3.500000000000000000e+00,7.000000000000000000e+00,8.409999999999999698e-01
3.500000000000000000e+00,8.000000000000000000e+00,8.449999999999999734e-01
3.500000000000000000e+00,9.000000000000000000e+00,8.559999999999999831e-01
3.500000000000000000e+00,1.000000000000000000e+01,8.539999999999999813e-01
4.000000000000000000e+00,0.000000000000000000e+00,0.000000000000000000e+00
4.000000000000000000e+00,1.000000000000000000e+00,0.000000000000000000e+00
4.000000000000000000e+00,2.000000000000000000e+00,0.000000000000000000e+00
4.000000000000000000e+00,3.000000000000000000e+00,0.000000000000000000e+00
4.000000000000000000e+00,4.000000000000000000e+00,4.900000000000000189e-02
4.000000000000000000e+00,5.000000000000000000e+00,7.580000000000000071e-01
4.000000000000000000e+00,6.000000000000000000e+00,8.529999999999999805e-01
4.000000000000000000e+00,7.000000000000000000e+00,8.499999999999999778e-01
4.000000000000000000e+00,8.000000000000000000e+00,8.509999999999999787e-01
4.000000000000000000e+00,9.000000000000000000e+00,8.609999999999999876e-01
4.000000000000000000e+00,1.000000000000000000e+01,8.579999999999999849e-01
4.500000000000000000e+00,0.000000000000000000e+00,0.000000000000000000e+00
4.500000000000000000e+00,1.000000000000000000e+00,0.000000000000000000e+00
4.500000000000000000e+00,2.000000000000000000e+00,0.000000000000000000e+00
4.500000000000000000e+00,3.000000000000000000e+00,1.200000000000000025e-02
4.500000000000000000e+00,4.000000000000000000e+00,5.590000000000000524e-01
4.500000000000000000e+00,5.000000000000000000e+00,8.699999999999999956e-01
4.500000000000000000e+00,6.000000000000000000e+00,8.499999999999999778e-01
4.500000000000000000e+00,7.000000000000000000e+00,8.549999999999999822e-01
4.500000000000000000e+00,8.000000000000000000e+00,8.549999999999999822e-01
4.500000000000000000e+00,9.000000000000000000e+00,8.529999999999999805e-01
4.500000000000000000e+00,1.000000000000000000e+01,8.399999999999999689e-01
5.000000000000000000e+00,0.000000000000000000e+00,0.000000000000000000e+00
5.000000000000000000e+00,1.000000000000000000e+00,0.000000000000000000e+00
5.000000000000000000e+00,2.000000000000000000e+00,2.000000000000000042e-03
5.000000000000000000e+00,3.000000000000000000e+00,2.409999999999999920e-01
5.000000000000000000e+00,4.000000000000000000e+00,8.309999999999999609e-01
5.000000000000000000e+00,5.000000000000000000e+00,8.539999999999999813e-01
5.000000000000000000e+00,6.000000000000000000e+00,8.679999999999999938e-01
5.000000000000000000e+00,7.000000000000000000e+00,8.459999999999999742e-01
5.000000000000000000e+00,8.000000000000000000e+00,8.689999999999999947e-01
5.000000000000000000e+00,9.000000000000000000e+00,8.529999999999999805e-01
5.000000000000000000e+00,1.000000000000000000e+01,8.459999999999999742e-01
